,Agv Agent Reward,Avg Agent Frames,SD Agent Frames,SD Agent Reward
0,-0.5765412213179186,2380.1,12.852626190782956,0.025506689885782714
