,Agv Agent Reward,Avg Agent Frames,SD Agent Frames,SD Agent Reward
0,-1.1358099827476158,1020.39,7.783180583797347,0.03398711161108918
