Episode lengths,Return(G)
15,-0.8600583546412884
41,-0.6622820409839835
25,-0.7778213593991467
